,tweet,sentiment
0,Five-star bathrooms with these H&M Home accessories,NEU
1,The H&M midi skirt that influencers over 50 wear with Adidas: satin and elegant XL print,POS
2,"The H&M padded jacket that is a hit among influencers over 50: loose, pink and perfect for between-seasons",POS
3,"The novelties of H&M: blazers, dresses and essential basics for the new season that already",NEU
4,H&M has the accessory that turns any look into a trend for less than 10 euros,NEU
5,Irina Shayk has the most worn jacket in 2023,NEU
6,The dress with the definitive guy effect is this one from H&M that Anna Padilla has made us want,POS
7,Smile from ear to ear when finding the H&M shoes worn by the most elegant women,POS
8,Irina Shayk: trench coat and distressed leather jacket from H&M,NEU
9,"It looks like Chanel, it is H&M: the quilted bag to give a touch of luxury to your look for less than 20 euros",POS
10,"H&M will lay off 1,500 workers",NEU
11,H&M has the ideal complement to order the bathroom without taking up space (and it costs less than 10 euros),POS
12,H&M announces expansion plan: it will open almost a dozen new,NEU
13,H&M Home has the most elegant sink accessories to elevate the design of the bathroom,POS
14,"In the H&M sales there is the knitted dress for less than 20 euros, perfect for events",POS
15,Mugler stars in H&M's latest fashion collaboration,NEU
16,Identity theft and computer sabotage that worries H&M Chile,NEG
17,Nuria Ramirez (H&M): We already design to maximize the duration of the garments,NEU
18,The 90s are here and H&M has the collection to successfully follow this menswear trend.,POS
19,H&M has the most daring pink sneakers of the last decade for less than 40 euros,NEU
20,The H&M bag for less than 13 euros that looks like a luxury one and is about to run out,NEU
21,H&M and the moccasin-style espadrilles that we are in love with: they combine perfectly with our,POS
22,Seven ideal dresses from H&M to go out at a party discounted by more than 70% that you cannot miss in your,POS
23,H&M's baggy pleated cargo pants should get,NEU
24,H&M bets everything on red with the most flattering guest dress for our afternoon weddings,POS
25,Rania from Jordan wears the H&M belt that just sold out,NEU
26,"The most popular trends this spring, by Lucia Cuesta",NEU
27,Ana Milan updates the ballerina-style H&M midi dress ideal for Communion with cowboy boots and blazer,NEU
28,Pamplona H&M workers parody Shakira to denounce her conditions: I'll give you my pasta,NEU
29,"Trench coats by Massimo Dutti, H&M to make you the most elegant, and they combine IDEAL with Mary Janes!",POS
30,Discover the H&M Home lamp that is causing a sensation in interior decoration,NEU
31,H&M launches several garments with this 'print' with which it is sweeping sales,NEU
32,"The jacket worn by women with money is at H&M for all budgets, 3 colors",NEU
33,Your children's favorite rugs from H&M Home,POS
34,The H&M printed satin suit that will be a hit in spring,POS
35,H&M's new boucle skirt looks haute couture,POS
36,Ana Milan devastates with the H&M dress that has EVERYTHING for her,POS
37,"Maria Pombo, a maternity with a lot of style from H&M",NEU
38,H&M repeats its beloved long bardot dress that the,POS
39,H&M creates the Haute Couture-style polka dot dress with which,NEU
40,The Marant-type dress by H H&M that makes us fall in love,POS
41,Trend alert: the two-thousander mules that we will see everywhere are already at H&M for less than 30 euros,NEU
42,H&M Home has the most beautiful and fun lamps for children's bedrooms (and they cost less than,POS
43,"Sustainability influencers, against the fast fashion of Zara, Shein",NEU
44,The power of color: New collection from H&M Home and Pantone,POS
45,Leyard supplies H&M with one of the most popular indoor Led screens,POS
46,Kate Middleton's camel coat sold at H&M for €59.99,NEU
47,H&M and Remondis create a textile recycling company,NEU
48,The new H&M collection: from the floral dresses that anticipate spring to the knitwear that,NEU
49,Not only Zara: El Corte Inglés and H&M also charge for returning the,NEU
50,This is the H&M sailor skirt that all influencers over 50 want,NEU
51,Nuria Roca bets on low-cost garments and is a hit: this is how you can create your look thanks to H&M and Mango,NEU
52,The decoration element of H&M Home that will make you not lose your keys,POS
53,H&M has decreed it: the star footwear for the next season will be loafers (and with designs for,NEU
54,"11 garments from Zara, Pull&Bear, C&A and H&M for which you deserve the",NEU
55,H&M catches fire in Plazas Las Americas - Quadratin Quintana Roo,NEU
56,"Shein challenges H&M and Zara: it wants to enter almost 60,000 million in 2025",NEU
57,"The 12 best bomber jackets from Zara, H&M and Pull & Bear, the trend of 2023",POS
58,"15 leather garments recently arrived at Zara, Massimo Dutti, Mango and H&M that are trending",NEU
59,From H&M footwear to Adidas backpacks: the factories,NEU
60,H&M has the denim skirt that is back in trend and is perfect for halftime,POS
61,Run that flies! The H&M dress that you will wear for a special event at a cheap price,NEU
62,The tableware that is driving all H&M Home customers crazy: it is very different,NEU
63,Crush with the suits that most rejuvenate from the new H&M collection,POS
64,H&M accuses identity theft and shares measures to,NEG
65,Paula Echevarria sweeps by combining flared jeans and the most desired elegant H&M jacket of the year,POS
66,H&M closes four stores and blames the drop in consumer confidence,NEG
67,"Ana, the Spanish bride with a Mango, H&M and Stradivarius look",NEU
68,"9 tweed jackets that you will see a lot this spring summer, from Mango, Zara or H&M",NEU
69,"The textile association of Inditex, H&M, Mango and Primark joins",NEU
70,"The dress that Daniela Darcourt wore is at H&M, but with 70% of",NEU
71,Home warmth with these H&M Home blankets,POS
72,These 7 jackets and cardigans are perfect for spring and we know how to combine them to succeed,POS
73,"These 15 purchases from Mango, H&M, Zara and Lefties guarantee you a",NEU
74,"New in store at Stradivarius, Massimo Dutti, Zara, Mango and H&M",NEU
75,"Zara, Mango, Massimo Dutti or H&M have the five demi-season blazers that could become our",NEU
76,The H&M cardigan is a success,POS
77,"The 45-year-old stylist in cargo pants from Primark, Zara and H&M",NEU
78,"Zalando, victim of the Shein boom, announces hundreds of layoffs",NEG
79,Where to buy cheap quality wardrobe basics,NEU
80,The eight most popular spring jackets in 2023,NEU
81,"The Zara knit sailor dress that the 50s have sold out: loose, elegant and with the ideal length",POS
82,"Danish women are clear that long denim skirts are the most flattering basic, and these cheap models",POS
83,"Trench coats, dresses or skirts: street style confirms the trend of animal print to go stylish in spring",POS
84,"Leonardo DiCaprio and Rose Bertram, ex-partner of Kylian Mbappe, caught in Paris",NEU
85,Tamara Falco has the basic that conquers us every spring-summer and that cannot be missing in your closet,NEU
86,H&M's profit fell by 67% in 2022 due to the burden of high costs,NEG
87,Letizia Ortiz and the (other) pleated skirt that nobody understands,NEG
88,"H&M, Q4 2022 results: annual sales grow 12%",POS
89,"Who's who in the textile universe: H&M, the Swedish hand-made giant",NEU
90,H&M Black Friday 2022: these are the dates and times to buy,NEU
91,From H&M to Inditex: the big clothing firms are preparing to,NEU
92,H&M in the metaverse: haute couture and sustainability – VEIN Magazine,NEU
93,The mobilizations of H&M workers in Tenerife could last until January,NEU
94,H&M's desperate plan to avoid having to close,NEG
95,black clothes personality test,NEU
96,"H&M, under scrutiny due to doubts about the sustainability of its eco-labeled garments",NEG
97,The eight most beautiful H&M garments that are only available online,POS
98,H&M jumps into the world of immersive gaming with Roblox,NEU
99,Unions and H&M agree on an extra to compensate for the hit of the,NEU
100,"Electronic commerce in the United States, an opportunity for the",NEU
101,All the storage accessories that we have found at H&M that will help you tidy up your home,POS
102,"@ranjinipetrina5 thank you for confirming that you have already dm'd us, and you will shortly receive the revert on that. thank you!",POS
103,"@jehernameisjeff hi there. if you could please send us a dm with your name, email and billing address and we will be happy to look into this for you. speak s",POS
104,@hm_custserv hi. i sent my order to the wrong address by mistake. evri and you have sent me a confirmation of it being delivered but the new occupier says it,NEG
105,@justsaycj what a beautiful sweater unfortunately the sweater is indeed currently not available in the webshop. when and if it become available we can't say.,NEG
106,"@ranjinipetrina5 hello, we are really sorry for the inconvenience caused to you and understand your concern regarding the delivery. request you to please sha",NEU
107,@hm_custserv hi escalating an issue with order. it's been 12 days and my order has not reached me. upon contacting customer care they have been dodging the r,NEG
108,@hm_custserv dm done,NEU
109,@hm @hm_custserv my wishlist has suddenly vanished. it was there till yesterday and then last night all of a sudden it's gone. one curates their wishlist so ,NEG
110,"@hm_custserv hiya, i returned an item to you monday, they're usually pretty swift with the return, however another payment from klarna has gone out in that t",NEU
111,@hm_custserv an order made on 28th which said delivery within 2-4 days is still in your warehouse and hasn't moved since 28th feb 00:00. can you please send ,NEG
112,"@amitshah94 hello, we are sorry for the inconvenience and understand your concern regarding the refund. request you to please share your full name, order num",NEU
113,"@divyakarki3 hello, we are sorry for the inconvenience and understand your concern regarding the delivery of the order. request you to please share your full",NEU
114,"@nehaabay hello, we are sorry for the inconvenience and understand your concern regarding the delivery of the order. request you to please share your full na",NEU
115,"@hm_custserv yes, i think two more too ..! thanks for helping me decide..!",POS
116,"@perezgarridog hola amiga! nuestras ubicaciones de entrega son las que estan indicadas en el siguiente enlace. si no aparece como opcion, no esta disponible ",NEU
117,"@mingming_otep hi, there. can you kindly dm us? we'll speak soon!",NEU
118,"@browngoddesss hi, jass. we are deeply sorry to hear about this! can you kindly dm us your order number, name, email, and address? we'll speak soon.",NEU
119,@hm_custserv my order has still not been delivered.your telephone customer services is poor & asked me to wait 10 days before calling back to ask for refund.,NEG
120,@hm_custserv i jus did. thank you,POS
121,"@bescancan oh, no! this does not look right. can you kindly dm us your order number, name, email, and address? we'll speak soon.",NEG
122,"@mingming_otep hi, there. we are able to help with an order update! can you kindly dm us your order number, name, email, and address? speak soon!",POS
123,"@hm_custserv hi, any idea when this product will be available in nl again? https://t.co/8oclecswgv",NEU
124,"@lesfowler18 hi les! we're sorry to hear your order didn't arrive safely in your hands. please dm us your delivery address and email, so we can investigate t",NEG
125,@scapegoatmami we appreciate the love!,POS
126,@hm_custserv my order is showing as delivered but photo shows it's clearly not at my address and i haven't signed for it. hope can this be resolved please?? ,NEG
127,@kelleycarrie_ oh no! this isn't what we like to hear. send us a quick dm and let's see what we can suggest. chat soon. https://t.co/h4sdlkm1lw,NEG
128,"@mspatelx hi there! we would love to take a look into this for you. may we please have you dm us your full name, email address, billing address and order num",POS
129,@hm_custserv ordered goods on tuesday night and just checked my delivery status as i needed the items for tomorrow. apparently they're still in the warehouse,NEG
130,@jujuaone we vote as many as your heart desires! it's such a cute dress!,POS
131,"@mikehy83 hi there! sorry to hear this has happened. may we please have you dm us your full name, email address, billing address and order number? talk soon.",NEU
132,@iamsunilnairk hi there! we have now replied. chat there!,NEU
133,@hm_custserv @hm should i buy two more..? that's my only question https://t.co/kgqzpdjv2o,NEU
134,@hm_custserv can anyone please respond to my dm?,NEU
135,@oshawacentre we absolutely love this look!,POS
136,"@valbenmusic enjoy your beautiful shirt! thanks so much for shopping with us, take care!",POS
137,@valbenmusic @hm_custserv,NEU
138,@valbenmusic @hm_custserv,NEU
139,@hm_custserv thx for luv i'm so excited proud to wear this beautiful shirt #haiti https://t.co/fv0zzjg1ql,POS
140,@laurenp__x oh no! this isn't what we like to hear. send us a quick dm and let's get this sorted. chat soon. https://t.co/h4sdlkm1lw,NEG
141,"@angeltiramissu hey there! we recommend signing up for email alerts by clicking the notify me button on its product page. this way, you'll be amongst the fir",NEU
142,"@hennymehrhoff wir finden sicherlich noch einiges, henny, wenn du uns verratst, welche farbe und groe du genau suchst, denn schlielich sollst du ja nicht fri",NEU
143,"@hm_custserv also zwei shirts sind jetzt nicht einiges. auch wenn in verschiedenen farben verfugbar. will nur darauf hinweisen, dass nicht jede/r gern an der",NEU
144,"@hennymehrhoff hi henny, da haben wir aber einiges fur dich gefunden. schau doch gerne einmal unter https://t.co/maotrjawtf oder https://t.co/ejikpgfrtc bei ",NEU
145,"@pointyhound hi there! yes, please feel free to visit our h&m store to participate in our garment collection initiative. have a great day!",POS
146,@hm_custserv despite repeated complaints no response from your side for poor amenities . tell me please shall i escalate the matter to consumer court .,NEG
147,@rebeccadevin8 hi there! for us to safely access your account and look into this for you please dm us with your email address and full billing address. speak,NEU
148,@hm_custserv my order hasn't arrived 51763395560,NEG
149,"@toodlingdown hey there anna! could you please send us a dm so that we can assist further with this? thanks, and speak soon!",POS
150,@_jonathanstreet hey there johnny! we're so sorry to hear that your order hasn't arrived yet. could you please send us a dm so that we can look further into ,NEU
151,@hm_custserv hello! i ordered something on 27 feb (uk) and it hasn't been despatched yet. i go on holiday tuesday 7th and have bikinis etc in the order. can ,NEG
152,"@hm_custserv do you offer alternative delivery providers? unfortunately for me i paid extra for 'next-day' delivery, but as it was shipped with #evri it hasn",NEG
153,"@hm_custserv hi, before i lug some carrier bags into town with me, could you confirm that you're still doing the voucher for clothes to recycle? i can't find",NEU
154,@rebeccadevin8 hey rebecca! we're so sorry to hear that you haven't received your order yet. could you please dm us so that we can look further into this for,NEU
155,"@hollyboz94 hey there holly! we're so sorry to hear about this. please do send us a dm so that we can assist further! thanks, and speak soon!",POS
156,"@cjane2102 hey christina! we're so sorry to hear you haven't received your order yet, could you please dm us so that we can assist further with this? thanks,",NEU
157,"@ayesh2306 hey there ayesha! could you please send us a dm so that we can assist further with this? thanks, and speak soon!",POS
158,"@hailieybieber hey there holly! could you please send us a dm so that we can look further into this for you? thanks, and speak soon!",POS
159,"@hm_custserv i have shared the details again in dm, kindly check.",NEU
160,"@avnimittal13 hello there! we are sorry for the inconvenience and understand your concern regarding the refund. request you to please share your full name, r",NEU
161,"@egeaus para que podamos ayudarte mejor con este problema, envianos un dm con tu nombre completo, correo electronico y numero de telefono. chateamos pronto!",NEU
162,"@hm_custserv yea, the same item was on the rack. could've just switched it out. also, it wasn't pinned to the mannequin. i took my money elsewhere! best wish",NEU
163,"@unspokenbeautii hi! we do have to keep the items on display for the season. also, we pin items to the mannequins to best display our pieces. you can ask the",NEU
164,@hm_custserv https://t.co/vltfevvpl8,NEU
165,@94wasagoodyear hi there! you have some great taste. we're happy to check on that jacket for you. which country are you shopping with us from? chat soon!,POS
166,@hm_custserv encuentro oceania o parque via vallejo. es que ninguna me aparece con la opcion de recoger pedidos,NEU
167,"@hm_custserv as i said, unable to dm you. will drop an email.",NEU
168,"@5onam hi, for your own personal security, we discourage from sharing personal order details, such as your order number, on a public platform. please dm us y",NEU
169,@hm_custserv not able to send a dm unfortunately. my order no. is 26715149952 (online from the app in india) in case that helps.,NEG
170,"@5onam hi, we haven't received your dm regarding our previous request. if you would like more help with your query, please dm us for further assistance as we",NEU
171,@hm_custserv i have been in touch with customer care since january 2023! we're in march now!,NEU
172,"@toddaultiii @hm @hm_custserv nasta generations marknadsplats, kanske nagot for er att ta en titt pa, aven era outfits pa avatarer? https://t.co/pyxtk0kgfe",NEU
173,@valbenmusic no problem at all! have a great day!,POS
174,@hm_custserv thx,NEU
175,"@valbenmusic hey, fashion friend! we're loving the color of this look. thanks for sharing and brightening up our day. take care!",POS
176,@hm_custserv hi i have messaged you,NEU
177,@egeaus hola omar! no todas nuestras tiendas cuentan con este servicio. contamos con varias en cdmx. comentanos cual seria la mas conveniemte para ti y verif,NEU
178,"@soffiee_natasha hi there! sorry to hear this has happened. may we please have you dm us your full name, email address, billing address and order number? tal",NEU
179,@hollywalder hi there! we're sorry to hear that! please send us a dm so we can look into this for you. talk soon!,POS
180,"@younapping hi there, we're sorry to hear your experience was less than ideal. we offer an exchange or refund with a receipt, within 30 days of the purchase ",NEU
181,@hm @hm_custserv i was informed that i will get my refund on 26/1/23 but again unfortunately till today i don't get my refund. i have tried calling customer ,NEG
182,"@yasirsa90366308 hi, yasir, we're genuinely sorry to hear about the issues with your order and would be happy to assist you further. please dm us your email ",NEU
183,@hm @hm_custserv i have ordered from h&m app on 1/1/23 and received it on 3/3/23 but unfortunately 2 of the 3 items are too big to wear so i register a retur,NEG
184,@hm_custserv @hm_custserv i was informed that i will get my refund on 26/1/23 but again unfortunately till today i don't get my refund. i have tried calling ,NEG
185,@ale_hypatia hola ale! lamentamos la demora que ha tomado tu pedido. por favor envianos tu nro de pedido y correo electronico por mensaje privado para verifi,NEU
186,"@georgia23961 hi georgia! we're sorry to keep you waiting! please dm us your order number, delivery address and email, so we can investigate this right away.",NEU
187,@hm_custserv hi i've paid for next day delivery and had no updates from yourself or evri and no parcel arrive.,NEG
188,"@bethdelooze we apologize for the mix-up, beth. when you register your return, please select the item you requested however did not receive and choose reason",NEU
189,@hm_custserv hiya i've picked up and order and the wrong item has been sent. how do i return if i can't select the item as it's not in the order?,NEG
190,"@vickysm41390777 hi vicky, we completely understand your concerns with your latest order. please dm us your email, full name, and delivery address using the ",NEU
191,@nancymalcolm_x glad to hear! appreciate the update.,POS
192,@hm_custserv all sorted now thank you x,POS
193,"@nancymalcolm_x uh oh! this isn't what we like to hear. please dm us know your order number, delivery address and email, so we can look into this right away.",NEU
194,"@rachel20785611 hello there, we're so sorry to hear this! we understand how disappointing this is given the order was needed for a very special event tonight",NEG
195,"@efk222 fraydi, set your alarms as our highly anticipated ss2023 collection will premiere today at 10am: https://t.co/zq0ejpb2ba",NEU
196,"@hm_custserv order number; 51758731970 ordered 2 days ago, says delivery in 2-4 days but still not been despatched?",NEG
197,@ingagubeka we absolutely adore this look!,POS
198,"@hm_custserv the app has kept crashing for the past couple of weeks, even after installing the most recent update, means i can't browse new in for longer tha",NEG
199,@hm_custserv when is the studio collection dropping online in canada? thanks,NEU
200,"@hasmeanjasmine hey! sorry to hear this. can you send us a dm with your full name, email and your address so we can look into this for you? speak soon!",NEU
201,@ldeaplum oh no! this isn't what we like to hear. kindly send us a quick dm with more info. chat soon. https://t.co/h4sdlkm1lw,NEG
